Paper Title,Scopus ID,DOI,URL,Lead Author,Affiliation,Author count,Area of Study,Publication,Cover Date,Number of citations,first_location,second_location,third_location,fourth_location
Linking soil organic carbon dynamics to microbial community and enzyme activities in degraded soil remediation by reductive soil disinfestation,SCOPUS_ID:85153864873,10.1016/j.apsoil.2023.104931,https://api.elsevier.com/content/abstract/scopus_id/85153864873,Chen Y.,Northwest A&amp;F University,12.0,Ecology & Agricultural and Biological Sciences (miscellaneous) & Soil Science,Applied Soil Ecology,2023-09-01,0.0,Proteobacteria,Actinobacteria,Symbiobacterium,BG
Enhanced phosphorus fixation in red mud-amended acidic soil subjected to periodic flooding-drying and straw incorporation,SCOPUS_ID:85153933867,10.1016/j.envres.2023.115960,https://api.elsevier.com/content/abstract/scopus_id/85153933867,Ding S.,China Agricultural University,8.0,Biochemistry & Environmental Science (all),Environmental Research,2023-07-15,1.0,Calcium,,,
Drip irrigation in agricultural saline-alkali land controls soil salinity and improves crop yield: Evidence from a global meta-analysis,SCOPUS_ID:85151557628,10.1016/j.scitotenv.2023.163226,https://api.elsevier.com/content/abstract/scopus_id/85151557628,Du Y.,Northwest A&amp;F University,4.0,Environmental Engineering & Environmental Chemistry & Waste Management and Disposal & Pollution,Science of the Total Environment,2023-07-01,0.0,,,,
Future flooding of the Volta Delta caused by sea level rise and land subsidence,SCOPUS_ID:85161886673,10.1007/s11852-023-00952-0,https://api.elsevier.com/content/abstract/scopus_id/85161886673,Brempong E.K.,University of Cape Coast Ghana,9.0,Oceanography & Ecology & Nature and Landscape Conservation,Journal of Coastal Conservation,2023-06-01,0.0,the Volta Delta,Volta Delta,Ghana,West Africa
Toward sustainable inland aquaculture: Coastal subsidence monitoring in Taiwan,SCOPUS_ID:85149064957,10.1016/j.rsase.2023.100930,https://api.elsevier.com/content/abstract/scopus_id/85149064957,Hung W.C.,National Yang Ming Chiao Tung University,9.0,"Geography, Planning and Development & Computers in Earth Sciences",Remote Sensing Applications: Society and Environment,2023-04-01,0.0,Pingtung,Taiwan,,
Progress of Euhalophyte Adaptation to Arid Areas to Remediate Salinized Soil,SCOPUS_ID:85151496711,10.3390/agriculture13030704,https://api.elsevier.com/content/abstract/scopus_id/85151496711,Wang Y.,Xinjiang Institute of Ecology and Geography Chinese Academy of Sciences,6.0,Food Science & Agronomy and Crop Science & Plant Science,Agriculture (Switzerland),2023-03-01,0.0,,,,
Frequent Storm Surges Affect the Groundwater of Coastal Ecosystems,SCOPUS_ID:85146111946,10.1029/2022GL100191,https://api.elsevier.com/content/abstract/scopus_id/85146111946,Nordio G.,University of Delaware,8.0,Geophysics & Earth and Planetary Sciences (all),Geophysical Research Letters,2023-01-16,2.0,the North America Atlantic,,,
Indigenous knowledge is key to sustainable food systems,SCOPUS_ID:85146101432,10.1038/d41586-023-00021-4,https://api.elsevier.com/content/abstract/scopus_id/85146101432,Antonelli A.,,1.0,Multidisciplinary,Nature,2023-01-12,6.0,,,,
Biochar application in agroecosystems: a review of potential benefits and limitations,SCOPUS_ID:85162054057,10.1007/s10668-023-03470-z,https://api.elsevier.com/content/abstract/scopus_id/85162054057,Ghadirnezhad Shiade S.R.,"Islamic Azad University, Ayatollah Amoli Branch",5.0,"Geography, Planning and Development & Economics and Econometrics & Management, Monitoring, Policy and Law","Environment, Development and Sustainability",2023-01-01,0.0,,,,
Shrub expansion in maritime forest responding to sea level rise,SCOPUS_ID:85159887245,10.3389/ffgc.2023.1167880,https://api.elsevier.com/content/abstract/scopus_id/85159887245,Sward R.,Stony Brook University,5.0,Forestry & Global and Planetary Change & Ecology & Environmental Science (miscellaneous) & Nature and Landscape Conservation,Frontiers in Forests and Global Change,2023-01-01,0.0,Virginia,Shrub,,
The Impact of Climate Change on Water Resources and Human Health—Examples from Croatia and Bosnia and Herzegovina,SCOPUS_ID:85153076987,10.1007/978-3-031-26592-1_9,https://api.elsevier.com/content/abstract/scopus_id/85153076987,Lušić D.V.,"Faculty of Civil Engineering, University of Rijeka",10.0,"Global and Planetary Change & Ecology & Management, Monitoring, Policy and Law",Climate Change Management,2023-01-01,0.0,karst,Croatia,Vrana Lake,Cres Island
An Overview of the Implication of Climate Change on Fish Farming in Egypt,SCOPUS_ID:85146452490,10.3390/su15021679,https://api.elsevier.com/content/abstract/scopus_id/85146452490,Mehrim A.I.,Faculty of Agriculture,2.0,"Computer Science (miscellaneous) & Geography, Planning and Development & Renewable Energy, Sustainability and the Environment & Building and Construction & Environmental Science (miscellaneous) & Energy Engineering and Power Technology & Hardware and Architecture & Computer Networks and Communications & Management, Monitoring, Policy and Law",Sustainability (Switzerland),2023-01-01,1.0,Egypt,lowland,,
Coastal Salinity and Water Management Practices in the Bengal Delta: A Critical Analysis to Inform Salinisation Risk Management Strategies in Asian Deltas,SCOPUS_ID:85143363800,10.1007/s41748-022-00335-9,https://api.elsevier.com/content/abstract/scopus_id/85143363800,Feist S.E.,University of Portsmouth,3.0,Global and Planetary Change & Environmental Science (miscellaneous) & Geology & Economic Geology & Computers in Earth Sciences,Earth Systems and Environment,2023-01-01,0.0,Asia,,,
Effects of Future Increases in Tidal Flooding on Salinity and Groundwater Dynamics in Coastal Aquifers,SCOPUS_ID:85145170720,10.1029/2022WR033195,https://api.elsevier.com/content/abstract/scopus_id/85145170720,Heiss J.W.,University of Massachusetts Lowell,3.0,Water Science and Technology,Water Resources Research,2022-12-01,1.0,,,,
Social perceptions of coastal hazards in the Anlo Beach Community in the Western Region of Ghana,SCOPUS_ID:85142386923,10.1007/s11852-022-00909-9,https://api.elsevier.com/content/abstract/scopus_id/85142386923,Dada O.A.,University of Cape Coast Ghana,5.0,Oceanography & Ecology & Nature and Landscape Conservation,Journal of Coastal Conservation,2022-12-01,0.0,Anlo Beach,Ghana,,
Impacts of evaporation and inundation on near-surface salinity at a coastal wetland park,SCOPUS_ID:85142308076,10.1016/j.marpolbul.2022.114373,https://api.elsevier.com/content/abstract/scopus_id/85142308076,Zheng W.,Southern Marine Science and Engineering Guangdong Laboratory,7.0,Oceanography & Aquatic Science & Pollution,Marine Pollution Bulletin,2022-12-01,1.0,Guangdong Province,China,,
"Groundwater, soil moisture, light and weather data collected in a coastal forest bordering a salt marsh in the Delmarva Peninsula (VA)",SCOPUS_ID:85138801195,10.1016/j.dib.2022.108584,https://api.elsevier.com/content/abstract/scopus_id/85138801195,Nordio G.,Boston University,2.0,Multidisciplinary,Data in Brief,2022-12-01,2.0,the Delmarva Peninsula,,,
Study on deterioration mechanism of soil in Zhouqiao site under salinization,SCOPUS_ID:85133590912,10.1038/s41598-022-15802-6,https://api.elsevier.com/content/abstract/scopus_id/85133590912,Yue J.,Henan University,7.0,Multidisciplinary,Scientific Reports,2022-12-01,0.0,Zhouqiao,the Loess Plateau,,
A perspective on biochar for repairing damages in the soil–plant system caused by climate change-driven extreme weather events,SCOPUS_ID:85127247783,10.1007/s42773-022-00148-z,https://api.elsevier.com/content/abstract/scopus_id/85127247783,Kumar A.,Lancaster Environment Centre,4.0,Biomaterials & Environmental Science (miscellaneous) & Soil Science & Pollution,Biochar,2022-12-01,21.0,,,,
Vertical Saltwater Intrusion in Coastal Aquifers Driven by Episodic Flooding: A Review,SCOPUS_ID:85142316227,10.1029/2022WR032614,https://api.elsevier.com/content/abstract/scopus_id/85142316227,Cantelon J.A.,University of Delaware,5.0,Water Science and Technology,Water Resources Research,2022-11-01,3.0,,,,
Dynamics of Spatiotemporal Variation of Groundwater Arsenic Due to Salt-Leaching Irrigation and Saline-Alkali Land,SCOPUS_ID:85141835275,10.3390/rs14215586,https://api.elsevier.com/content/abstract/scopus_id/85141835275,Yin S.,Institute of Geographical Sciences and Natural Resources Research Chinese Academy of Sciences,5.0,Earth and Planetary Sciences (all),Remote Sensing,2022-11-01,0.0,the Hetao Plain,,,
Future inundation of coastal on-site wastewater treatment systems in a region with pronounced sea-level rise,SCOPUS_ID:85140469626,10.1016/j.jhydrol.2022.128548,https://api.elsevier.com/content/abstract/scopus_id/85140469626,Threndyle R.E.,Nova Scotia Department of Natural Resources,5.0,Water Science and Technology,Journal of Hydrology,2022-11-01,0.0,Canada,,,
Coastal subsidence detection and characterization caused by brine mining over the Yellow River Delta using time series InSAR and PCA,SCOPUS_ID:85140463026,10.1016/j.jag.2022.103077,https://api.elsevier.com/content/abstract/scopus_id/85140463026,Wang G.,Pilot National Laboratory for Marine Science and Technology,5.0,"Global and Planetary Change & Earth-Surface Processes & Computers in Earth Sciences & Management, Monitoring, Policy and Law",International Journal of Applied Earth Observation and Geoinformation,2022-11-01,1.0,the Yellow River Delta,,,
Physiological and ecological characteristics and reproductive responses of Phragmites australis to dry-wet conditions in inland saline marshes of Northeast China,SCOPUS_ID:85141257971,10.7717/peerj.14269,https://api.elsevier.com/content/abstract/scopus_id/85141257971,Mingyang C.,Yanbian University,4.0,"Neuroscience (all) & Biochemistry, Genetics and Molecular Biology (all) & Agricultural and Biological Sciences (all)",PeerJ,2022-10-31,0.0,China,Phragmites,,
Responses of Four Peatland Emergent Macrophytes to Salinity and Short Salinity Pulses,SCOPUS_ID:85137108854,10.1007/s13157-022-01592-0,https://api.elsevier.com/content/abstract/scopus_id/85137108854,Batistel C.,Universität Rostock,4.0,Environmental Chemistry & Ecology & Environmental Science (all),Wetlands,2022-10-01,1.0,,,,
"Climatic and environmental changes in the Baidunzi wetland, Northwest China, over the last 800 years inferred from glycerol dialkyl glycerol tetraethers",SCOPUS_ID:85133764037,10.1016/j.chemgeo.2022.121005,https://api.elsevier.com/content/abstract/scopus_id/85133764037,Pei Y.,Northwest Institute of Eco-Environment and Resources,6.0,Geology & Geochemistry and Petrology,Chemical Geology,2022-09-30,0.0,China,the East Asian,Little Ice Age,Central Asia
Responses of early recruitment processes with rhizome to flooding depth and salinity in Manchurian wild rice (Zizania latifolia),SCOPUS_ID:85122675714,10.1007/s10452-021-09927-5,https://api.elsevier.com/content/abstract/scopus_id/85122675714,Tang H.,University of Chinese Academy of Sciences,4.0,"Ecology, Evolution, Behavior and Systematics & Aquatic Science",Aquatic Ecology,2022-09-01,1.0,Zizania,,,
Climate justice for the southwestern coastal region of Bangladesh,SCOPUS_ID:85137781835,10.3389/fclim.2022.881709,https://api.elsevier.com/content/abstract/scopus_id/85137781835,Ashrafuzzaman M.,"Instituto de Ciências Sociais, Universidade de Lisboa",3.0,"Global and Planetary Change & Environmental Science (miscellaneous) & Pollution & Atmospheric Science & Management, Monitoring, Policy and Law",Frontiers in Climate,2022-08-19,0.0,Bangladesh,SWCRB,,
Impacts of salinization caused by sea level rise on the biological processes of coastal soils - A review,SCOPUS_ID:85136189973,10.3389/fenvs.2022.909415,https://api.elsevier.com/content/abstract/scopus_id/85136189973,Mazhar S.,Università degli Studi di Udine,5.0,Environmental Science (all),Frontiers in Environmental Science,2022-08-04,3.0,,,,
"The late Pleistocene-Holocene changing morphology of the Volturno delta and coast (northern Campania, Italy): Geological architecture and human influence",SCOPUS_ID:85128224393,10.1016/j.quaint.2022.03.023,https://api.elsevier.com/content/abstract/scopus_id/85128224393,Ruberti D.,Università degli Studi della Campania Luigi Vanvitelli,4.0,Earth-Surface Processes,Quaternary International,2022-07-10,4.0,Volturno River,Volturno,,
Saltwater intrusion induces shifts in soil microbial diversity and carbon use efficiency in a coastal grassland ecosystem,SCOPUS_ID:85130317975,10.1016/j.soilbio.2022.108700,https://api.elsevier.com/content/abstract/scopus_id/85130317975,Brown R.W.,Bangor University,3.0,Microbiology & Soil Science,Soil Biology and Biochemistry,2022-07-01,2.0,CUE,,,
Innovative Solutions for the Construction of Drainage in Urban Environments to Protect Against Flooding by Groundwater,SCOPUS_ID:85133020990,10.1063/5.0091196,https://api.elsevier.com/content/abstract/scopus_id/85133020990,Soliev B.,"""Tashkent Institute of Irrigation and Agricultural Mechanization Engineers"" National Research University",5.0,Physics and Astronomy (all),AIP Conference Proceedings,2022-06-16,0.0,Russia,Germany,USA,China
Urban Land Reclamation Problems,SCOPUS_ID:85132976846,10.1063/5.0091179,https://api.elsevier.com/content/abstract/scopus_id/85132976846,Saliev B.,Research Institute of Irrigation and Water Problems,3.0,Physics and Astronomy (all),AIP Conference Proceedings,2022-06-16,0.0,,,,
Influence of Climate and Coastal Flooding on Eastern Red Cedar Growth along a Marsh-Forest Ecotone,SCOPUS_ID:85132295461,10.3390/f13060862,https://api.elsevier.com/content/abstract/scopus_id/85132295461,Hall S.,Delaware Department of Natural Resources and Environmental Control,3.0,Forestry,Forests,2022-06-01,0.0,the Mid-Atlantic,St. Jones,Dover,
Salinity effects on the germination and reproduction of Eryngium maritimum L. (Apiaceae),SCOPUS_ID:85129007042,10.1016/j.flora.2022.152062,https://api.elsevier.com/content/abstract/scopus_id/85129007042,Cortés-Fernández I.,Universitat de les Illes Balears,4.0,"Ecology, Evolution, Behavior and Systematics & Ecology & Plant Science","Flora: Morphology, Distribution, Functional Ecology of Plants",2022-06-01,2.0,Mediterranean,Atlantic,Spain,SW
Assessing the Quantity and Quality Controls of the Freshwater Lens on a Semi-Arid Coral-Limestone Island in Sri Lanka,SCOPUS_ID:85129189625,10.3389/frwa.2022.832227,https://api.elsevier.com/content/abstract/scopus_id/85129189625,Wu C.L.R.,IHE Delft Institute for Water Education,3.0,Water Science and Technology,Frontiers in Water,2022-04-19,1.0,Delft Island,Sri Lanka,,
"Promise, premise, and reality: the case of voluntary environmental non-migration despite climate risks in coastal Bangladesh",SCOPUS_ID:85120970791,10.1007/s10113-021-01864-1,https://api.elsevier.com/content/abstract/scopus_id/85120970791,Ahsan M.N.,Institute for Global Environmental Strategies,6.0,Global and Planetary Change,Regional Environmental Change,2022-03-01,10.0,Bangladesh,Khulna,,
Experimental-numerical simulation of soluble formations in reservoirs,SCOPUS_ID:85121961532,10.1016/j.advwatres.2021.104109,https://api.elsevier.com/content/abstract/scopus_id/85121961532,Tavoosi N.,"Islamic Azad University, Science and Research Branch",7.0,Water Science and Technology,Advances in Water Resources,2022-02-01,2.0,Iran,Hamze,,
"Research note: Climate change, peri-urban space and emerging infectious disease",SCOPUS_ID:85118553860,10.1016/j.landurbplan.2021.104298,https://api.elsevier.com/content/abstract/scopus_id/85118553860,Matthew R.,York University,4.0,"Ecology & Urban Studies & Nature and Landscape Conservation & Management, Monitoring, Policy and Law",Landscape and Urban Planning,2022-02-01,8.0,,,,
Evaluating adaptation options to sea level rise and benefits to agriculture: The Ebro Delta showcase,SCOPUS_ID:85115948072,10.1016/j.scitotenv.2021.150624,https://api.elsevier.com/content/abstract/scopus_id/85115948072,Genua-Olmedo A.,Institut de Recerca I Technologia Agroalimentaries,4.0,Environmental Engineering & Environmental Chemistry & Waste Management and Disposal & Pollution,Science of the Total Environment,2022-02-01,3.0,Ebro,Delta,Spain,
Future Impacts of Climate Change on the Lives and Livelihoods of Indo-Fijians,SCOPUS_ID:85161946386,10.1007/978-3-030-98460-1_9,https://api.elsevier.com/content/abstract/scopus_id/85161946386,Martin K.,University of Central Lancashire,1.0,Social Sciences (all) & Earth and Planetary Sciences (all),Pacific Voices and Climate Change,2022-01-01,0.0,Fiji,the Fijian Islands,,
Using remote sensing methods of the Earth to analyze the impact of the Bolgrad drainage system on the conditions of groundwater,SCOPUS_ID:85159364981,10.3997/2214-4609.2022580179,https://api.elsevier.com/content/abstract/scopus_id/85159364981,Melnychenko M.,Taras Shevchenko National University of Kyiv,2.0,Geology & Geotechnical Engineering and Engineering Geology & Environmental Science (all),"16th International Conference Monitoring of Geological Processes and Ecological Condition of the Environment, Monitoring 2022",2022-01-01,0.0,Ukraine,,,
Numerical modeling of ground water flow and heat transfer in the flooded mine as the site for geothermal system installation,SCOPUS_ID:85159323235,10.3997/2214-4609.2022580065,https://api.elsevier.com/content/abstract/scopus_id/85159323235,Rudakov D.,Dnipro University of Technology,2.0,Geology & Geotechnical Engineering and Engineering Geology & Environmental Science (all),"16th International Conference Monitoring of Geological Processes and Ecological Condition of the Environment, Monitoring 2022",2022-01-01,0.0,Western Donbas,,,
Analysis of the agricultural land qualitative state for agricultural land use in the Altai Krai,SCOPUS_ID:85151293134,10.21177/1998-4502-2022-14-4-644-656,https://api.elsevier.com/content/abstract/scopus_id/85151293134,Tatarintsev V.L.,Saken Seifullin Kazakh Agrotechnical University,4.0,"Geography, Planning and Development & Renewable Energy, Sustainability and the Environment & Sociology and Political Science & Mechanical Engineering & Earth and Planetary Sciences (miscellaneous) & Management, Monitoring, Policy and Law",Sustainable Development of Mountain Territories,2022-01-01,1.0,,,,
Agro-ecological typology of agricultural land use in the arid steppe of the Altai Krai,SCOPUS_ID:85146870592,10.21177/1998-4502-2022-14-3-440-452,https://api.elsevier.com/content/abstract/scopus_id/85146870592,Tatarintsev L.M.,Altai State Agricultural University,4.0,"Geography, Planning and Development & Renewable Energy, Sustainability and the Environment & Sociology and Political Science & Mechanical Engineering & Earth and Planetary Sciences (miscellaneous) & Management, Monitoring, Policy and Law",Sustainable Development of Mountain Territories,2022-01-01,0.0,,,,
Importance and main ecological and environmental problems of lakes in China,SCOPUS_ID:85140788961,10.1360/TB-2022-0178,https://api.elsevier.com/content/abstract/scopus_id/85140788961,Zhang Y.,Nanjing Institute of Geography and Limnology Chinese Academy of Sciences,12.0,Multidisciplinary,Kexue Tongbao/Chinese Science Bulletin,2022-01-01,2.0,China,cyanobacteria,farmland,the Yangtze River Basin
Technogenesis and its impact on oil reservoirs development,SCOPUS_ID:85139524297,10.24887/0028-2448-2022-9-68-73,https://api.elsevier.com/content/abstract/scopus_id/85139524297,Gaydukov L.A.,National University of Oil and Gas «Gubkin University»,2.0,Fuel Technology & Energy Engineering and Power Technology,Neftyanoe Khozyaystvo - Oil Industry,2022-01-01,0.0,Western Siberia,Eastern Siberia,,
The Risk Mapping of Coastal Flooding Areas Due to Tsunami Wave Run-Up Using DAS Model and its Impact on Nekor Bay (Morocco),SCOPUS_ID:85132837615,10.12912/27197050/150310,https://api.elsevier.com/content/abstract/scopus_id/85132837615,Taher M.,Université Abdelmalek Essaadi,7.0,Ecology & Environmental Engineering & Environmental Science (miscellaneous),Ecological Engineering and Environmental Technology,2022-01-01,0.0,the Alboran Sea,the Mediterranean Sea,Nekor bay,
"Use of Electrical Resistivity Tomography to Study the Impact of Long-Term Application of Sewage Sludge: Case Study of Oued Souhil Experimental Station, Nabeul (Tunisia)",SCOPUS_ID:85129848133,10.1007/978-3-030-76081-6_76,https://api.elsevier.com/content/abstract/scopus_id/85129848133,Hechmi S.,"Université de Tunis El Manar, Faculté des Sciences de Tunis",9.0,"Architecture & Renewable Energy, Sustainability and the Environment & Environmental Chemistry","Advances in Science, Technology and Innovation",2022-01-01,0.0,Nabeul,E.C.,S.S.,Tunisia
"ASSESSMENT OF CHANGES IN THE GEOLOGICAL ENVIRONMENT DUE TO TECHNOGENIC IMPACT (FOR EXAMPLE, DASHOGUZ REGION)",SCOPUS_ID:85124141373,10.24412/1932-2321-2022-366-208-211,https://api.elsevier.com/content/abstract/scopus_id/85124141373,Agayeva L.,Yagshygeldi Kakayev International University of Oil and Gas,2.0,"Safety, Risk, Reliability and Quality & Safety Research & Statistics, Probability and Uncertainty",Reliability: Theory and Applications,2022-01-01,0.0,Lake Sarykamysh,Dashoguz,,
"Sensitivity, Hazard, and Vulnerability of Farmlands to Saltwater Intrusion in Low-Lying Coastal Areas of Venice, Italy",SCOPUS_ID:85122029043,10.3390/w14010064,https://api.elsevier.com/content/abstract/scopus_id/85122029043,Tosi L.,Consiglio Nazionale delle Ricerche,9.0,"Biochemistry & Geography, Planning and Development & Aquatic Science & Water Science and Technology",Water (Switzerland),2022-01-01,9.0,Southern Venice,Northern Po,Italy,
Anticipating sea-level rise and human migration: A review of empirical evidence and avenues for future research,SCOPUS_ID:85118919705,10.1002/wcc.747,https://api.elsevier.com/content/abstract/scopus_id/85118919705,Duijndam S.J.,Vrije Universiteit Amsterdam Instituut voor Milieuvraagstukken,4.0,"Global and Planetary Change & Geography, Planning and Development & Atmospheric Science",Wiley Interdisciplinary Reviews: Climate Change,2022-01-01,7.0,,,,
Current and future state of groundwater salinization of the northern Elbe-Weser region,SCOPUS_ID:85099762795,10.1007/s00767-021-00496-w,https://api.elsevier.com/content/abstract/scopus_id/85099762795,González E.,Leibniz Institute for Applied Geophysics (LIAG),5.0,Water Science and Technology,Grundwasser,2021-12-01,5.0,Holocene,,,
Development of irrigated agriculture in Uzbekistan and its impact on ecological environment and economic development,SCOPUS_ID:85126081530,10.12118/j.issn.1000-6060.2021.06.28,https://api.elsevier.com/content/abstract/scopus_id/85126081530,Li Q.,"""Tashkent Institute of Irrigation and Agricultural Mechanization Engineers"" National Research University",10.0,Ecology & Geology & Earth-Surface Processes & Atmospheric Science,Arid Land Geography,2021-11-25,1.0,Uzbekistan,the Aral Sea,,
Ways to save water resources in rice systems in dry years,SCOPUS_ID:85118429902,10.1088/1755-1315/868/1/012012,https://api.elsevier.com/content/abstract/scopus_id/85118429902,Bandurin M.A.,Don State Agrarian University,3.0,Environmental Science (all) & Earth and Planetary Sciences (all),IOP Conference Series: Earth and Environmental Science,2021-10-18,0.0,,,,
Characteristics of Seawater Intrusion in Coastal Aquifers Due to Seawater Flooding: A Numerical Study,SCOPUS_ID:85116883976,10.2112/JCR-SI114-020.1,https://api.elsevier.com/content/abstract/scopus_id/85116883976,Jeong Y.H.,Gyeongsang National University,5.0,Ecology & Water Science and Technology & Earth-Surface Processes,Journal of Coastal Research,2021-10-01,0.0,,,,
Effects of soil amendments on fractions and stability of soil organic matter in saline-alkaline paddy,SCOPUS_ID:85107669906,10.1016/j.jenvman.2021.112993,https://api.elsevier.com/content/abstract/scopus_id/85107669906,Wu L.,Beijing Normal University,3.0,"Environmental Engineering & Waste Management and Disposal & Management, Monitoring, Policy and Law",Journal of Environmental Management,2021-09-15,13.0,,,,
Features of forming the salt balance in rice fields with various parameters and designs of the Danube rice irrigation systems,SCOPUS_ID:85144852406,10.1051/e3sconf/202128010008,https://api.elsevier.com/content/abstract/scopus_id/85144852406,Turchenyuk V.,National University of Water and Environmental Engineering,5.0,Environmental Science (all) & Energy (all) & Earth and Planetary Sciences (all),E3S Web of Conferences,2021-06-30,1.0,,,,
Natural and anthropogenic factors influence on the botanic natural sanctuary vegetation cover dynamics of the river Volga delta,SCOPUS_ID:85108304726,10.1051/e3sconf/202126501022,https://api.elsevier.com/content/abstract/scopus_id/85108304726,Valov M.V.,Astrakhan State University,2.0,Environmental Science (all) & Energy (all) & Earth and Planetary Sciences (all),E3S Web of Conferences,2021-06-03,0.0,Volga,,,
Filter leaching of salt soils of automobile roads,SCOPUS_ID:85108184410,10.1051/e3sconf/202126402032,https://api.elsevier.com/content/abstract/scopus_id/85108184410,Hudaykulov R.,Tashkent State Transport University,4.0,Environmental Science (all) & Energy (all) & Earth and Planetary Sciences (all),E3S Web of Conferences,2021-06-02,0.0,Uzbekistan,NaHCO,,
Analysis on root anatomical structure and hydraulic characteristics in different grape varieties,SCOPUS_ID:85106926748,10.13925/j.cnki.gsxb.20200507,https://api.elsevier.com/content/abstract/scopus_id/85106926748,Li Y.,Tianjin Agricultural University,6.0,"Biotechnology & Food Science & Ecology, Evolution, Behavior and Systematics & Ecology & Genetics & Horticulture",Journal of Fruit Science,2021-05-10,0.0,Muscat,Hamburg,China,
Location of Drip Irrigation Tapes Affects Root Redistribution and Yield of Mature Jujube,SCOPUS_ID:85108202743,10.13522/j.cnki.ggps.2020587,https://api.elsevier.com/content/abstract/scopus_id/85108202743,Li Z.,Tarim University,3.0,Environmental Engineering & Ecology & Agronomy and Crop Science & Water Science and Technology & Soil Science,Journal of Irrigation and Drainage,2021-05-01,1.0,Xinjiang,CK,,
"Distribution Characteristics of Topsoil Salinity in Hui River Wetland, Hulunbuir Grassland",SCOPUS_ID:85147178505,10.11733/j.issn.1007-0435.2021.04.015,https://api.elsevier.com/content/abstract/scopus_id/85147178505,Jin S.L.,Chinese Research Academy of Environmental Sciences,6.0,Agricultural and Biological Sciences (miscellaneous) & Ecology,Acta Agrestia Sinica,2021-04-01,1.0,Hui River,Hulunbuir,the Hui River,
"Effects of Marsh Migration on Flooding, Saltwater Intrusion, and Crop Yield in Coastal Agricultural Land Subject to Storm Surge Inundation",SCOPUS_ID:85101494650,10.1029/2020WR028326,https://api.elsevier.com/content/abstract/scopus_id/85101494650,Guimond J.A.,University of Delaware,2.0,Water Science and Technology,Water Resources Research,2021-02-01,14.0,,,,
Complex resistance of spring and winter bread wheat lines to biotic and abiotic stresses,SCOPUS_ID:85122257106,10.18699/VJ21.082,https://api.elsevier.com/content/abstract/scopus_id/85122257106,Lapochkina I.F.,All-Russian Institute of Plant Protection,7.0,"Biochemistry, Genetics and Molecular Biology (all) & Agricultural and Biological Sciences (all)",Vavilovskii Zhurnal Genetiki i Selektsii,2021-01-01,0.0,Kazakhstan,Bulgaria,Triticum,T. kiharae
Engineering and geological conditions of the north-western territory of makhachkala due to flooding,SCOPUS_ID:85119018557,10.46698/VNC.2021.18.33.004,https://api.elsevier.com/content/abstract/scopus_id/85119018557,Kondakov V.M.,Institute of Geology DSC RAS,4.0,Geology & Geophysics & Geotechnical Engineering and Engineering Geology & Ecology,Geologiya i Geofizika Yuga Rossii,2021-01-01,1.0,Makhachkala,Novostroy,,
"Adaptation, Migration, Advocacy. A Climate Change Curriculum for Out-of-School Children in Badin, Sindh",SCOPUS_ID:85118685152,10.1007/978-3-030-57927-2_5,https://api.elsevier.com/content/abstract/scopus_id/85118685152,Japanwala N.,Harvard Graduate School of Education,1.0,Education & Social Sciences (miscellaneous),International Explorations in Outdoor and Environmental Education,2021-01-01,1.0,Badin,Pakistan,,
Salinization in Peruvian north coast soils: Case study in San Pedro de Lloc,SCOPUS_ID:85128946434,10.1007/978-3-030-52592-7_7,https://api.elsevier.com/content/abstract/scopus_id/85128946434,Gamboa N.R.,Pontificia Universidad Catolica del Peru,3.0,"Agricultural and Biological Sciences (all) & Environmental Science (all) & Engineering (all) & Earth and Planetary Sciences (all) & Biochemistry, Genetics and Molecular Biology (all)","Saline and Alkaline Soils in Latin America: Natural Resources, Management and Productive Alternatives",2020-09-26,2.0,the Jequetepeque River,Gallito Ciego,,
Salt-affected soils of Pantanal wetland,SCOPUS_ID:85109681927,10.1007/978-3-030-52592-7_12,https://api.elsevier.com/content/abstract/scopus_id/85109681927,Furquim S.A.C.,Universidade Federal de São Paulo,2.0,"Agricultural and Biological Sciences (all) & Environmental Science (all) & Engineering (all) & Earth and Planetary Sciences (all) & Biochemistry, Genetics and Molecular Biology (all)","Saline and Alkaline Soils in Latin America: Natural Resources, Management and Productive Alternatives",2020-09-26,2.0,Nhecolândia,,,
Combining Desulfurization Gypsum and Organic Materials to Improve Soil Quality and Sunflower Growth in Hetao Irrigation District,SCOPUS_ID:85097240279,10.13522/j.cnki.ggps.2019282,https://api.elsevier.com/content/abstract/scopus_id/85097240279,Gao H.,Neimenggu Agricultural University,5.0,Soil Science & Agronomy and Crop Science & Water Science and Technology & Ecology & Environmental Engineering,Journal of Irrigation and Drainage,2020-08-01,2.0,SF,China,Inner Mongolia,
The Effects of Soil Amendment with different Materials on Soil Salt Distribution and Its Ion Composition under Brackish-water Drip Irrigation,SCOPUS_ID:85097235234,10.13522/j.cnki.ggps.2019200,https://api.elsevier.com/content/abstract/scopus_id/85097235234,Zheng F.,Chinese Academy of Sciences,6.0,Soil Science & Agronomy and Crop Science & Water Science and Technology & Ecology & Environmental Engineering,Journal of Irrigation and Drainage,2020-08-01,6.0,Hetao Irrigation District,,,
Effects of a soil ameliorant on the desalting of soda-salinized meadow soil under flooding condition,SCOPUS_ID:85093698036,10.7606/j.issn.1000-7601.2020.03.26,https://api.elsevier.com/content/abstract/scopus_id/85093698036,Zhang M.,Heilongjiang Bayi Agricultural University,7.0,Agronomy and Crop Science,Agricultural Research in the Arid Areas,2020-05-01,0.0,S2,,,
"Climate change and its consequences-local challenges in the Maldives between global, regional and national interdependence",SCOPUS_ID:85094661602,,https://api.elsevier.com/content/abstract/scopus_id/85094661602,Hennig A.,Universität Hamburg,2.0,"Geography, Planning and Development & Water Science and Technology & Energy (all) & Atmospheric Science",Geographische Rundschau,2020-04-01,0.0,the Indian Ocean,Maldives,,
Vulnerability of agro-based livelihoods to climate change in coastal zones of Bangladesh,SCOPUS_ID:85089047710,,https://api.elsevier.com/content/abstract/scopus_id/85089047710,Kundu S.,University of East Anglia,3.0,"Economics, Econometrics and Finance (all) & Business, Management and Accounting (all)","Climate Adaptation for a Sustainable Economy: Lessons from Bangladesh, an Emerging Tiger of Asia",2020-01-01,0.0,Bangladesh,Galachipa,inter alia,
Runoff and groundwater responses to climate change in south west australia,SCOPUS_ID:85088493871,,https://api.elsevier.com/content/abstract/scopus_id/85088493871,McFarlane D.,The University of Western Australia,5.0,Multidisciplinary,Journal of the Royal Society of Western Australia,2020-01-01,21.0,the South West,Australia,the Perth Basin,Perth
Monitoring the state of ameliorated agricultural lands in the arid zone of Russia,SCOPUS_ID:85084971419,,https://api.elsevier.com/content/abstract/scopus_id/85084971419,Tarbaev V.A.,Agricultural Research Institute of South-East Region,6.0,Engineering (miscellaneous) & Agricultural and Biological Sciences (miscellaneous) & Management of Technology and Innovation,International Journal on Emerging Technologies,2020-01-01,0.0,HF,,,
TOPSOIL project - Geophysical input for groundwater models - Examples from Northern Germany,SCOPUS_ID:85088229000,,https://api.elsevier.com/content/abstract/scopus_id/85088229000,Wiederhold H.,Leibniz Institute for Applied Geophysics (LIAG),10.0,Environmental Engineering & Geophysics & Geotechnical Engineering and Engineering Geology,"25th European Meeting of Environmental and Engineering Geophysics, Held at Near Surface Geoscience Conference and Exhibition 2019, NSG 2019",2019-01-01,0.0,North Sea,North Sea Programme,the North Sea,
Storm impacts in western Alaska documenting shoreline change and flooding through remote sensing and community-based monitoring,SCOPUS_ID:85048234221,,https://api.elsevier.com/content/abstract/scopus_id/85048234221,Overbeck J.,Alaska Division of Geological &amp; Geophysical Surveys,3.0,Oceanography & Automotive Engineering & Water Science and Technology & Acoustics and Ultrasonics & Instrumentation & Ocean Engineering,OCEANS 2017 - Anchorage,2017-12-19,0.0,Alaska,,,
Hydrogeological modeling using GIS techniques in the Danube meadow,SCOPUS_ID:84946409298,,https://api.elsevier.com/content/abstract/scopus_id/84946409298,Slave C.,Universitatea de Stiinte Agronomice si Medicina Veterinara din Bucuresti,1.0,Geotechnical Engineering and Engineering Geology & Geology,"International Multidisciplinary Scientific GeoConference Surveying Geology and Mining Ecology Management, SGEM",2015-01-01,0.0,Romania,Oltenia Plain,the Danube River,
Wetland vegetation - Hydrology co-evolution in response to rainfall variability,SCOPUS_ID:85080896502,,https://api.elsevier.com/content/abstract/scopus_id/85080896502,Coletti J.Z.,The University of Western Australia,3.0,Information Systems and Management & Modeling and Simulation,"Proceedings - 20th International Congress on Modelling and Simulation, MODSIM 2013",2013-01-01,1.0,Lake Toolibin,Casuarina,,
Farming practices and anthropogenic delta dynamics,SCOPUS_ID:84901380561,,https://api.elsevier.com/content/abstract/scopus_id/84901380561,Rogers K.,Vanderbilt University,5.0,Earth and Planetary Sciences (all),IAHS-AISH Proceedings and Reports,2013-01-01,6.0,,,,
Numerical studies of dissolution processes in waterflooding of salty clastic reservoirs with fresh water,SCOPUS_ID:84892592199,,https://api.elsevier.com/content/abstract/scopus_id/84892592199,Grinchenko V.,BP p.l.c.,4.0,Fuel Technology & Energy Engineering and Power Technology,Neftyanoe khozyaystvo - Oil Industry,2013-01-01,3.0,,,,
Laboratory study of dissolution process in water flooding of salty terrigenous reservoirs of Verkhnechonskoe field,SCOPUS_ID:84878298846,,https://api.elsevier.com/content/abstract/scopus_id/84878298846,Grinchenko V.A.,BP p.l.c.,3.0,Fuel Technology & Energy Engineering and Power Technology,Neftyanoe khozyaystvo - Oil Industry,2013-01-01,6.0,Verkhnechonskoye,,,
"Waste mine water from gathering pond ""svidovok"" as a factor of soil halochemical composition changes",SCOPUS_ID:84864192279,,https://api.elsevier.com/content/abstract/scopus_id/84864192279,Lavrik M.,Dnipro University of Technology,1.0,Geotechnical Engineering and Engineering Geology & Engineering (all) & Industrial and Manufacturing Engineering,Naukovyi Visnyk Natsionalnoho Hirnychoho Universytetu,2012-07-30,0.0,West,the Donets Basin,,
Damning damming modernity: The destructive role of megadams,SCOPUS_ID:84862085478,,https://api.elsevier.com/content/abstract/scopus_id/84862085478,Murphy P.,University of Central Florida,1.0,History & Literature and Literary Theory,Tamkang Review,2011-12-01,1.0,Asia,U.S.,,
"Interrelation between coastal processes, surface water and groundwater at the outer coastal region of the Rio De La Plata estuary, Argentina",SCOPUS_ID:84992306978,,https://api.elsevier.com/content/abstract/scopus_id/84992306978,Pousa J.L.,"Facultad de Ciencias Naturales y Museo, Universidad Nacional de La Plata",5.0,Environmental Science (all),Advances in Environmental Research,2011-01-01,6.0,Samborombon Bay,Argentina,the Province of Buenos Aires,
"Environmental and social effects derived from groundwater extraction in Tláhuac and Valle-de-Chalco-Solidaridad, Metropolitan Area of Mexico City",SCOPUS_ID:79952652965,,https://api.elsevier.com/content/abstract/scopus_id/79952652965,Toscana A.,Universidad Autónoma Metropolitana Unidad Xochimilco,2.0,Earth and Planetary Sciences (all),IAHS-AISH Publication,2010-12-01,1.0,the Metropolitan Area,Mexico City,Tláhuac,
"Optimisation of agricultural drainage to manage irrigation salinity in Australia - An example from the Murray irrigation area, Australia",SCOPUS_ID:79551535926,,https://api.elsevier.com/content/abstract/scopus_id/79551535926,Rana T.,"UNESCO United Nations Educational, Scientific and Cultural Organization",2.0,Earth and Planetary Sciences (all),IAHS-AISH Publication,2010-12-01,0.0,,,,
Assessing the regional impacts of climate change on economic sectors in the low-lying coastal zone of mediterranean east morocco,SCOPUS_ID:84878738282,,https://api.elsevier.com/content/abstract/scopus_id/84878738282,Tekken V.,Potsdam Institut fur Klimafolgenforschung,3.0,Ecology & Water Science and Technology & Earth-Surface Processes,Journal of Coastal Research,2009-12-01,12.0,Mediterranean,Morocco,the Moulouya River,
"Riparian vegetation changes from hydrological alteration on the River Murray, Australia - Modelling the surface water-groundwater dependent ecosystem",SCOPUS_ID:79952334169,,https://api.elsevier.com/content/abstract/scopus_id/79952334169,Doody T.,CSIRO Land and Water,2.0,Geochemistry and Petrology & Ocean Engineering & Water Science and Technology,"From Headwaters to the Ocean: Hydrological Changes and Watershed Management - Proceedings of the International Conference on Hydrological Changes and Management from Headwaters to the Ocean, HYDROCH",2009-12-01,4.0,the River Murray,River Murray,Australia,Albury
The role of cavities in land-atmosphere interactions,SCOPUS_ID:79952333716,,https://api.elsevier.com/content/abstract/scopus_id/79952333716,Weisbrod N.,Ben-Gurion University of the Negev,4.0,Geochemistry and Petrology & Ocean Engineering & Water Science and Technology,"From Headwaters to the Ocean: Hydrological Changes and Watershed Management - Proceedings of the International Conference on Hydrological Changes and Management from Headwaters to the Ocean, HYDROCH",2009-12-01,1.0,,,,
"Bio-drainage as control to water excess in the Pampa Arenosa, Buenos Aires, Argentina",SCOPUS_ID:77950431362,,https://api.elsevier.com/content/abstract/scopus_id/77950431362,Alconada Magliano M.,Universidad de la Republica,4.0,"Geography, Planning and Development & Earth and Planetary Sciences (all)",Investigaciones Geograficas,2009-12-01,8.0,,,,
Erosive suceptible in low course of Acaraú river-CE,SCOPUS_ID:68949132636,,https://api.elsevier.com/content/abstract/scopus_id/68949132636,Diniz S.F.,"Universidade Estadual Paulista ""Júlio de Mesquita Filho""",3.0,Earth and Planetary Sciences (all),Geociencias,2008-12-01,9.0,caatinga,Brazil,,
Impact of sea-level rise on chiayi coast,SCOPUS_ID:84907397953,,https://api.elsevier.com/content/abstract/scopus_id/84907397953,Chen W.,National Chiayi University,1.0,Ocean Engineering,"Chinese-German Joint Symposium on Hydraulic and Ocean Engineering, JOINT 2008",2008-01-01,1.0,Chiayi,Taiwan,ChiaYi,Budai
The ecohydrological challenge of woody-herbaceous transitions in the chaco-pampas plains,SCOPUS_ID:65549083029,,https://api.elsevier.com/content/abstract/scopus_id/65549083029,Jobbágy E.G.,Universidad Nacional de San Luis,4.0,"Ecology, Evolution, Behavior and Systematics & Ecology",Ecologia Austral,2008-01-01,95.0,Chaco,Australia,Africa,North America
Restoration plan for a wetland affected by saline groundwater,SCOPUS_ID:39149114141,,https://api.elsevier.com/content/abstract/scopus_id/39149114141,Jewell S.,United Water International,4.0,Water Science and Technology & Fluid Flow and Transfer Processes,Water,2007-11-01,0.0,Renmark,,,
Land degradation management in Southern Africa,SCOPUS_ID:85108908822,,https://api.elsevier.com/content/abstract/scopus_id/85108908822,Msangi J.P.,University of Namibia,1.0,Environmental Engineering & Information Systems,Environmental Science and Engineering,2007-01-01,0.0,Southern Africa,,,
"Response of chickpea roots to short-term salinization and desalinization: Plant water status, ethylene evolution, antioxidant activity and membrane integrity",SCOPUS_ID:33745402306,,https://api.elsevier.com/content/abstract/scopus_id/33745402306,Kukreja S.,CCS Haryana Agricultural University,8.0,Physiology & Molecular Biology & Plant Science,Physiology and Molecular Biology of Plants,2006-01-01,9.0,Na+/K+,,,
Climate change effects on the water supply in some major river basins,SCOPUS_ID:85056915479,,https://api.elsevier.com/content/abstract/scopus_id/85056915479,Muttiah R.,Texas A&amp;M University,2.0,Engineering (all) & Environmental Science (all) & Agricultural and Biological Sciences (all),Climate Change and Global Food Security,2005-01-01,1.0,N2O,Iraq,Central Europe,China
Environmental stress generated by sea-level rise on coastal zones,SCOPUS_ID:84900802610,,https://api.elsevier.com/content/abstract/scopus_id/84900802610,Burak S.,Istanbul Üniversitesi,5.0,"Geography, Planning and Development","Proceedings of the 7th International Conference on the Mediterranean Coastal Environment, MEDCOAST 2005",2005-01-01,1.0,the Marmara Sea,,,
Sea level rise: The myths and the reality,SCOPUS_ID:0036992850,,https://api.elsevier.com/content/abstract/scopus_id/0036992850,Paskoff R.,Université Lumière Lyon 2,1.0,"Oceanography & Geography, Planning and Development",Acta Geographica,2002-12-01,1.0,,,,
Aquifer salinization from storm overwash,SCOPUS_ID:0036616072,,https://api.elsevier.com/content/abstract/scopus_id/0036616072,Anderson W.,Radford University,1.0,Ecology & Water Science and Technology & Earth-Surface Processes,Journal of Coastal Research,2002-06-01,37.0,Hatteras Island,North Carolina,USA,Pamlico Sound
Greenhouse soil salinity reclamation by leaching,SCOPUS_ID:2342646920,,https://api.elsevier.com/content/abstract/scopus_id/2342646920,Blanco F.,Universidade de São Paulo,2.0,Engineering (all),"2000 ASAE Annual Intenational Meeting, Technical Papers: Engineering Solutions for a New Century",2000-12-01,0.0,,,,
Bangladesh,SCOPUS_ID:0033664971,,https://api.elsevier.com/content/abstract/scopus_id/0033664971,Kabir D.,IUB,5.0,Earth and Planetary Sciences (all) & Environmental Science (all),Seas at the millennium - an environmental evaluation - Volume 2,2000-01-01,0.0,Bangladesh,India,the Tetulia River,the Big Feni River
"Evaluation of hydrological contamination in an oil and gas production area including different anthropic activities. Yacimiento Centenario, Neuquén. Argentina.",SCOPUS_ID:85059084660,,https://api.elsevier.com/content/abstract/scopus_id/85059084660,Martinez S.G.,Universidad Nacional de La Plata,3.0,"Energy Engineering and Power Technology & Safety, Risk, Reliability and Quality & Environmental Science (all)","Society of Petroleum Engineers - SPE International Conference on Health, Safety, and Environment in Oil and Gas Exploration and Production 1998, HSE 1998",1998-01-01,0.0,Colonia,,,
Groundwater aluminium disappearance from acid sulphate soils of a lower Casamance Valley (Senegal) equipped with an anti-salt dam,SCOPUS_ID:0031464892,,https://api.elsevier.com/content/abstract/scopus_id/0031464892,Montoroi J.,IRD Institut de Recherche pour le Developpement,2.0,"Ecology, Evolution, Behavior and Systematics & Ocean Engineering","Comptes Rendus - Academie des Sciences, Serie II: Sciences de la Terre et des Planetes",1997-12-01,0.0,,,,
Behavior of a tracer and native ions in saline soils,SCOPUS_ID:2442542705,,https://api.elsevier.com/content/abstract/scopus_id/2442542705,Lavado R.,Universidad de Buenos Aires,4.0,Multidisciplinary,Interciencia,1996-12-01,0.0,Argentina,the Typic Natraqualf,the Mollic Natraqualf,
Salinity in the greenhouse,SCOPUS_ID:0029754607,,https://api.elsevier.com/content/abstract/scopus_id/0029754607,Sonneveld C.,Research Station for Floriculture,1.0,Aquatic Science & Water Science and Technology & Geotechnical Engineering and Engineering Geology,International Water and Irrigation,1996-01-01,0.0,,,,
"Hydrology of the Mary River coastal plain, northern territory",SCOPUS_ID:0028732808,,https://api.elsevier.com/content/abstract/scopus_id/0028732808,Chin D.,Power and Water Authority NT,3.0,Engineering (all),"National Conference Publication - Institution of Engineers, Australia",1994-12-01,0.0,Mary River,,,
Report details poverty-population-environment link.,SCOPUS_ID:0028439935,,https://api.elsevier.com/content/abstract/scopus_id/0028439935,,,,,IMCH newsletter /,1994-05-01,0.0,Philippines,Thailand,Central America,Africa
"Implications of climatic changes in the Mediterranean Basin: Garaet El Ichkeul and Lac de Bizerte, Tunisia",SCOPUS_ID:0026959572,,https://api.elsevier.com/content/abstract/scopus_id/0026959572,Hollis G.,,1.0,Environmental Science (all) & Earth and Planetary Sciences (all),Climatic change and the Mediterranean,1992-01-01,12.0,the Lake of de Bizerte,Tunisia,the Lac de Bizerte,
People and land: resource use in household livelihood strategies in Roro and Paitana villages in Papua New Guinea,SCOPUS_ID:0025591948,,https://api.elsevier.com/content/abstract/scopus_id/0025591948,Preston D.,University of Leeds,1.0,"Geography, Planning and Development & Water Science and Technology & Earth and Planetary Sciences (all)","Working Paper - University of Leeds, School of Geography",1990-01-01,1.0,,,,
The impact of sea level rise on low lying Mediterranean coasts,SCOPUS_ID:0024900539,,https://api.elsevier.com/content/abstract/scopus_id/0024900539,Sestini G.,,1.0,Environmental Science (all) & Earth and Planetary Sciences (all),Bollettino di Oceanologia Teorica ed Applicata,1989-01-01,4.0,Mediterranean,,,
Global warming and rising sea levels: The policy implications,SCOPUS_ID:0024475666,,https://api.elsevier.com/content/abstract/scopus_id/0024475666,Hekstra G.,"Ministry of Housing, Spatial Planning and the Environment, Netherlands",1.0,"Ecology, Evolution, Behavior and Systematics & Ecology",ECOLOGIST,1989-01-01,22.0,,,,
The Three Gorges debacle,SCOPUS_ID:0024191160,,https://api.elsevier.com/content/abstract/scopus_id/0024191160,Jhaveri N.,Hong Kong Bioinformatics Centre,1.0,"Ecology, Evolution, Behavior and Systematics & Ecology",Ecologist,1988-01-01,7.0,China,,,
"(Analysis of the geo-ecological situation of the northern Nefzaous oases, Tunisia).",SCOPUS_ID:0021572999,,https://api.elsevier.com/content/abstract/scopus_id/0021572999,May D.,,1.0,Environmental Science (all) & Earth and Planetary Sciences (all),Stuttgarter Geographische Studien,1984-01-01,1.0,Tunisia,,,
Can post-liberation successes now extend macro projects?,SCOPUS_ID:0021142272,,https://api.elsevier.com/content/abstract/scopus_id/0021142272,,,,Engineering (all),WORLD WATER,1984-01-01,0.0,China,the Yellow River,the Yangtze River,A.J.
"(Dynamics of the environment in an irrigated plain and on its fringe in a Mediterranean zone. Example of the Triffa plain, western Morocco).",SCOPUS_ID:0020859563,,https://api.elsevier.com/content/abstract/scopus_id/0020859563,Laouina A.,Faculté des Lettres et des Sciences Humaines de Rabat,1.0,Earth and Planetary Sciences (all),Geo-Eco-Trop,1983-01-01,0.0,,,,
GEOGRAPHIC APPROACHES TO STUDY OF EFFECT OF INTERBASIN WATER TRANSFERS ON NATURAL CONDITIONS.,SCOPUS_ID:0020855873,,https://api.elsevier.com/content/abstract/scopus_id/0020855873,L'vovich M.,,2.0,Water Science and Technology,Water Resources,1983-01-01,0.0,,,,
Formation of an artificial aquifer in the shore area of a reservoir.,SCOPUS_ID:0018952609,,https://api.elsevier.com/content/abstract/scopus_id/0018952609,Razumov G.,,2.0,Engineering (all),WATER QUAL. BULL.,1980-01-01,1.0,U.S.S.R.,,,
Saline soils of the Kuban' river delta and change in their properties upon cultivation.,SCOPUS_ID:0018589038,,https://api.elsevier.com/content/abstract/scopus_id/0018589038,Tonkonozhenko Y.,,1.0,Environmental Science (all) & Earth and Planetary Sciences (all),Pochvovedeniye,1979-01-01,0.0,the virgin state,,,
Salt diffusion effect on the submarine permafrost state and distribution as well as on the stability zone of methane hydrates on the Laptev Sea shelf,SCOPUS_ID:85104920044,10.31857/S2076673420040058,https://api.elsevier.com/content/abstract/scopus_id/85104920044,Malakhova V.V.,"A.M. Obukhov Institute of Atmospheric Physics, Russian Academy of Sciences",2.0,Global and Planetary Change & Water Science and Technology & Geochemistry and Petrology & Earth-Surface Processes,Led i Sneg,2020-01-01,8.0,,,,
Modeling soil chemical changes induced by afforestation of natural grasslands in large plain ecosystems,SCOPUS_ID:85076192862,10.25260/ea.19.29.3.0.896,https://api.elsevier.com/content/abstract/scopus_id/85076192862,Mujica C.R.,Universidad Nacional del Centro de la Provincia de Buenos Aires,4.0,"Ecology, Evolution, Behavior and Systematics & Ecology",Ecologia Austral,2019-12-01,2.0,Buenos Aires,,,
Implications of Sea Level Rise for Bee Communities in Rural Eastern Virginia Coastal Habitats,SCOPUS_ID:85093870361,10.2317/0022-8567-92.4.602,https://api.elsevier.com/content/abstract/scopus_id/85093870361,Thuma J.,University of Virginia,3.0,Insect Science,Journal of the Kansas Entomological Society,2019-10-01,0.0,USA,the Eastern Shore of Virginia (USA,,
The main factors of adverse environmental impact of potash production and methods of environmental protection,SCOPUS_ID:85107733536,10.17073/2500-0632-2019-3-172-180,https://api.elsevier.com/content/abstract/scopus_id/85107733536,Vysotskaya N.A.,Closed Joint-Stock Company Soligorsk Institute for Resource Saving Problems with Pilot Production,2.0,Geotechnical Engineering and Engineering Geology & Geology & Process Chemistry and Technology & Industrial and Manufacturing Engineering,Mining Science and Technology (Russian Federation),2019-01-01,2.0,earth,,,
"Extreme Value Distributions in Hydrological Analysis in the Mekong Delta: A Case Study in Ca Mau and An Giang Provinces, Vietnam",SCOPUS_ID:85087435791,10.4108/eai.13-6-2019.159122,https://api.elsevier.com/content/abstract/scopus_id/85087435791,Cuong D.K.,Viet Nam National University Ho Chi Minh City,6.0,Control and Systems Engineering & Information Systems & Computer Science Applications & Computer Networks and Communications,EAI Endorsed Transactions on Industrial Networks and Intelligent Systems,2019-01-01,1.0,Vietnam,the Mekong River,,
Wetlands of Kakadu National Park (Australia),SCOPUS_ID:85075967590,10.1007/978-94-007-4001-3_47,https://api.elsevier.com/content/abstract/scopus_id/85075967590,Finlayson C.M.,IHE Delft Institute for Water Education,1.0,Agricultural and Biological Sciences (all) & Environmental Science (all),"The Wetland Book II: Distribution, Description, and Conservation",2018-01-01,1.0,the Northern Territory,Australia,,
"Agricultural productivity, household poverty and migration in the Indian Sundarban Delta",SCOPUS_ID:85055780227,10.1525/elementa.196,https://api.elsevier.com/content/abstract/scopus_id/85055780227,Hajra R.,Jadavpur University,2.0,Oceanography & Environmental Engineering & Ecology & Geotechnical Engineering and Engineering Geology & Geology & Atmospheric Science,Elementa,2018-01-01,17.0,the Indian Sundarban Delta,,,
Circulating risks: Coastal cities and the spectre of climate change risk,SCOPUS_ID:85049999987,10.4324/9781315712468,https://api.elsevier.com/content/abstract/scopus_id/85049999987,Gotham K.F.,Tulane University,2.0,Social Sciences (all) & Earth and Planetary Sciences (all),The Routledge Handbook on Spaces of Urban Politics,2018-01-01,3.0,,,,
Sustainable development agriculture in the republic of Kazakhstan,SCOPUS_ID:85047925735,10.15244/pjoes/78617,https://api.elsevier.com/content/abstract/scopus_id/85047925735,Tokbergenova A.,Al Farabi Kazakh National University,3.0,Environmental Chemistry & Environmental Science (all),Polish Journal of Environmental Studies,2018-01-01,14.0,Kazakhstan,the Republic of Kazakhstan,the Aral Sea,
Bangladesh - Integrated monitoring in climate-sensitive region,SCOPUS_ID:85043794201,10.12902/zfv-0193-2017,https://api.elsevier.com/content/abstract/scopus_id/85043794201,Kusche J.,Universität zu Köln,6.0,Earth and Planetary Sciences (all),"ZFV - Zeitschrift fur Geodasie, Geoinformation und Landmanagement",2018-01-01,1.0,Bangladesh,,,
Effects of the January 4/5 2017 storm surge on a restored fen at the German baltic sea coast,SCOPUS_ID:85034948844,"10.5675/HyWa-2017,4-2",https://api.elsevier.com/content/abstract/scopus_id/85034948844,Miegel K.,Universität Potsdam,7.0,Water Science and Technology,Hydrologie und Wasserbewirtschaftung,2017-08-01,4.0,the Baltic Sea,Heiligensee,Warnemünde,
Fertilizer legacies meet saltwater incursion: Challenges and constraints for coastal plain wetland restoration,SCOPUS_ID:85052603759,10.1525/elementa.236,https://api.elsevier.com/content/abstract/scopus_id/85052603759,Ardón M.,University of Connecticut,4.0,Oceanography & Environmental Engineering & Ecology & Geotechnical Engineering and Engineering Geology & Geology & Atmospheric Science,Elementa,2017-01-01,15.0,,,,
"Working on the levees: The rio grande rectification project, the civilian conservation corps, and the making of the US-Mexico border",SCOPUS_ID:85012267048,10.18848/2329-1621/CGP/v11i04/1-18,https://api.elsevier.com/content/abstract/scopus_id/85012267048,Kropp J.,The University of Texas at El Paso,1.0,Environmental Science (all) & Sociology and Political Science,International Journal of Interdisciplinary Environmental Studies,2016-12-01,0.0,US,Mexico,El Paso,Texas
Sandy coasts of interior seas under level rise: Assessment of future development,SCOPUS_ID:85014666046,10.15356/0435-4281-2016-4-27-34,https://api.elsevier.com/content/abstract/scopus_id/85014666046,Zhindarev L.A.,Immanuel Kant Baltic Federal University,2.0,Earth-Surface Processes,Geomorfologiya,2016-10-01,0.0,the Baltic Sea,Baltic Sea,the Caspian Sea,
Changing of hydrogeological conditions under emergency deformation of the undermined rock massif (with an example of berezniki-1 mine),SCOPUS_ID:84970005780,10.17580/gzh.2016.04.06,https://api.elsevier.com/content/abstract/scopus_id/84970005780,Mustel P.,VNII Galurgy Stock Co.,2.0,Geotechnical Engineering and Engineering Geology,Gornyi Zhurnal,2016-04-01,3.0,,,,
Risk analysis on agricultural drainage ditch filling and flood disasters in lower plain area of North China,SCOPUS_ID:84963620744,10.11975/j.issn.1002-6819.2016.07.020,https://api.elsevier.com/content/abstract/scopus_id/84963620744,Zhao X.,Ministry of Land and Resources P.R.C.,3.0,Agricultural and Biological Sciences (all) & Mechanical Engineering,Nongye Gongcheng Xuebao/Transactions of the Chinese Society of Agricultural Engineering,2016-04-01,1.0,Cangxian County,Nan Gutun Village,China,
Effects of biochar application on N2O emission in degraded vegetable soil and in remediation process of the soil,SCOPUS_ID:85041425729,10.11766/trxb201509170443,https://api.elsevier.com/content/abstract/scopus_id/85041425729,Jun W.,Nanjing Normal University,6.0,Soil Science,Acta Pedologica Sinica,2016-01-01,8.0,Biochar,,,
"Characterization and pedogenesis of mangrove soils from Ilhéus-BA, Brazil",SCOPUS_ID:84974721043,10.5935/1806-6690.20160072,https://api.elsevier.com/content/abstract/scopus_id/84974721043,Gomes F.H.,Universidade Estadual de Maringa,5.0,Agronomy and Crop Science & Soil Science & Horticulture,Revista Ciencia Agronomica,2016-01-01,4.0,Brazil,Montrichardia,,
Cultural dynamics of adaptation to climate change: An example from the east coast of the US,SCOPUS_ID:84940652645,10.1163/9789004300712_014,https://api.elsevier.com/content/abstract/scopus_id/84940652645,Martinez G.,"University of Maryland, College Park",2.0,Social Sciences (all),Cultural Dynamics of Climate Change and the Environment in Northern America,2015-07-27,1.0,Dorchester County,the East Coast,US,Chesapeake Bay
Soil carbon sequestration in agroecosystems of india,SCOPUS_ID:85011331320,10.5958/0974-0228.2015.00018.3,https://api.elsevier.com/content/abstract/scopus_id/85011331320,Lal R.,The Ohio State University,1.0,Agronomy and Crop Science & Soil Science,Journal of the Indian Society of Soil Science,2015-06-01,15.0,India,,,
"Storm-surge flooding on the Yukon-Kuskokwim Delta, Alaska",SCOPUS_ID:84907263829,10.14430/arctic4403,https://api.elsevier.com/content/abstract/scopus_id/84907263829,Terenzi J.,United States Geological Survey,3.0,"Ecology, Evolution, Behavior and Systematics",Arctic,2014-09-01,34.0,Alaska,the Bering Sea,North America,hr−1
Efficiency of different traps for silver catfish fishery and its aquaculture implications in the face of climate change,SCOPUS_ID:84957886199,10.3923/jfas.2014.205.212,https://api.elsevier.com/content/abstract/scopus_id/84957886199,Anwa-Udondiah E.P.,Nigerian Institute for Oceanography and Marine Research,3.0,Aquatic Science & Animal Science and Zoology,Journal of Fisheries and Aquatic Science,2014-01-01,0.0,Nigeria,,,
Living with water in the urbanized Mekong Delta: The canal as multi-scale design tool and adaptive strategy,SCOPUS_ID:84903979356,10.3233/978-1-61499-365-0-1028,https://api.elsevier.com/content/abstract/scopus_id/84903979356,Pham D.Q.,,1.0,Urban Studies,New Urban Configurations,2014-01-01,0.0,Nijhuis,Mekong,,
Storm surge impact in the hydrodynamics of a tidal lagoon: The case of Ria de Aveiro,SCOPUS_ID:84883801424,10.2112/SI65-135,https://api.elsevier.com/content/abstract/scopus_id/84883801424,Picado A.,Universidade de Aveiro,5.0,Ecology & Water Science and Technology & Earth-Surface Processes,Journal of Coastal Research,2013-09-17,16.0,,,,
"Adaptation, adjustment and leadership in Australia’s rural margins",SCOPUS_ID:85122406913,10.4324/9780203107058-12,https://api.elsevier.com/content/abstract/scopus_id/85122406913,Beer A.,The University of Adelaide,2.0,"Economics, Econometrics and Finance (all) & Business, Management and Accounting (all)",Leadership and Change in Sustainable Regional Development,2012-01-01,2.0,Australia,Melbourne,Sydney,Canberra
"Using multiple sources of knowledge to investigate northern environmental change: Regional ecological impacts of a storm surge in the outer Mackenzie Delta, N.W.T.",SCOPUS_ID:84871234537,10.14430/arctic4214,https://api.elsevier.com/content/abstract/scopus_id/84871234537,Kokelj S.V.,Northwest Territories Geological Survey,9.0,"Ecology, Evolution, Behavior and Systematics",Arctic,2012-01-01,29.0,Mackenzie Delta,Arctic,,
"Climate change, variability and conservation impacts in Australia",SCOPUS_ID:83155177923,10.1071/PC110168,https://api.elsevier.com/content/abstract/scopus_id/83155177923,Prowse T.A.A.,The University of Adelaide,2.0,Ecology & Nature and Landscape Conservation,Pacific Conservation Biology,2011-01-01,8.0,Australia,Holocene,,
Application of solute transport modeling to study tsunami induced aquifer salinity in India,SCOPUS_ID:77954380651,10.3808/jei.201000164,https://api.elsevier.com/content/abstract/scopus_id/77954380651,Sivakumar C.,Anna University,2.0,Decision Sciences (all) & Environmental Science (all) & Computer Science Applications,Journal of Environmental Informatics,2010-03-01,17.0,the west coast,the Indian Ocean,Kalpakkam,the Kancheepuram District
Recently flood events and groundwater relationship in lower namkam basin Thailand,SCOPUS_ID:84986598319,10.1142/7158-vol17,https://api.elsevier.com/content/abstract/scopus_id/84986598319,Chuenchooklin S.,Naresuan University,3.0,Earth and Planetary Sciences (all),Advances in Geosciences: Volume 17: Hydrological Science (HS),2010-01-01,0.0,Namkam River Basin,the Mekong River Basin,Nakhon Phanom Province,Thailand
Sustainable irrigation - A new challenge?,SCOPUS_ID:78149327227,10.2495/SI100151,https://api.elsevier.com/content/abstract/scopus_id/78149327227,Bjornlund Y.,University of South Australia,2.0,Environmental Science (all),WIT Transactions on Ecology and the Environment,2010-01-01,1.0,the Indus Valley,China,,
A virtual knowledge world for natural resource management,SCOPUS_ID:80053038991,10.1007/978-3-540-69168-6_26,https://api.elsevier.com/content/abstract/scopus_id/80053038991,Pettit C.,State Government of Victoria,2.0,"Civil and Structural Engineering & Geography, Planning and Development & Earth-Surface Processes & Computers in Earth Sciences",Lecture Notes in Geoinformation and Cartography,2008-01-01,6.0,the Bet Bet,North Central Victoria,,
Quantifying rainfall and flooding impacts on groundwater levels in irrigation areas: GIS approach,SCOPUS_ID:34547135485,10.1061/(ASCE)0733-9437(2007)133:4(359),https://api.elsevier.com/content/abstract/scopus_id/34547135485,Khan S.,"Charles Sturt University, Wagga Wagga",3.0,Civil and Structural Engineering & Water Science and Technology & Agricultural and Biological Sciences (miscellaneous),Journal of Irrigation and Drainage Engineering,2007-07-01,7.0,,,,
Land desertification - An emerging threat to environment and food security of Pakistan,SCOPUS_ID:34250695492,10.3923/jas.2007.1199.1205,https://api.elsevier.com/content/abstract/scopus_id/34250695492,Irshad M.,Tottori University,6.0,Multidisciplinary,Journal of Applied Sciences,2007-04-15,22.0,Pakistan,,,
"Soil contamination and land subsidence raise concern in the Venice watershed, Italy",SCOPUS_ID:36148999024,10.2495/RAV060671,https://api.elsevier.com/content/abstract/scopus_id/36148999024,Carbognin L.,"Istituto Di Scienze Marine, Venice",6.0,Environmental Science (all),WIT Transactions on Ecology and the Environment,2006-01-01,10.0,the Adriatic Sea,Venice,the Venice Lagoon,Brenta
Potential implications of sea-level rise for France,SCOPUS_ID:3242759968,10.2112/1551-5036(2004)020[0424:PIOSRF]2.0.CO;2,https://api.elsevier.com/content/abstract/scopus_id/3242759968,Paskoff R.,Université Lumière Lyon 2,1.0,Ecology & Water Science and Technology & Earth-Surface Processes,Journal of Coastal Research,2004-03-01,35.0,France,Mediterranean,the Rhône River,Atlantic
Floodwater infiltration through root channels on a sodic clay floodplain and the influence on a local tree species Eucalyptus largiflorens,SCOPUS_ID:0041346381,10.1023/A:1024531325281,https://api.elsevier.com/content/abstract/scopus_id/0041346381,Bramley H.,Flinders University,3.0,Soil Science & Plant Science,Plant and Soil,2003-06-01,36.0,the River Murray,,,
Regional issues raised by sea-level rise and their policy implications,SCOPUS_ID:0033579666,10.3354/cr011005,https://api.elsevier.com/content/abstract/scopus_id/0033579666,Nicholls R.J.,Middlesex University,2.0,Environmental Chemistry & Environmental Science (all) & Atmospheric Science,Climate Research,1999-01-01,138.0,East Asia,Europe,West Africa,South
"Effects of kinetin on growth, grain yield and some mineral elements in wheat plants growing under excess salinity and oxygen deficiency",SCOPUS_ID:0033061517,10.1023/A:1006181204765,https://api.elsevier.com/content/abstract/scopus_id/0033061517,Gadallah M.A.A.,Faculty of Science,1.0,Physiology & Agronomy and Crop Science & Plant Science,Plant Growth Regulation,1999-01-01,52.0,L-1,,,
Possible consequences on coastal environments of the foreseeable sea level rise of the coming decades,SCOPUS_ID:0031851826,10.3406/geo.1998.20847,https://api.elsevier.com/content/abstract/scopus_id/0031851826,Paskoff R.,Université Lumière Lyon 2,1.0,"Geography, Planning and Development & Earth-Surface Processes",Annales de Geographie,1998-01-01,5.0,,,,
Estimating And Modifying The Effects Of Agricultural Development On The Groundwater Balance Of Large Wheatbelt Catchments,SCOPUS_ID:0002169346,10.1007/s100400050026,https://api.elsevier.com/content/abstract/scopus_id/0002169346,George R.J.,Department of Agriculture and Food Western Australia,1.0,Water Science and Technology & Earth and Planetary Sciences (miscellaneous),Applied Hydrogeology,1992-01-01,20.0,,,,
Effect of pumped-well irrigation and drainage on the melioration of salt-affected soils,SCOPUS_ID:0020660355,10.1097/00010694-198301000-00010,https://api.elsevier.com/content/abstract/scopus_id/0020660355,Wen-Rui Y.,Chinese Academy of Sciences,2.0,Soil Science,Soil Science,1983-01-01,1.0,China,,,
The effect of several stress conditions and growth regulators on photosynthesis and translocation of assimilates in the bean plant,SCOPUS_ID:84983285019,10.5586/asbp.1975.052,https://api.elsevier.com/content/abstract/scopus_id/84983285019,Strack R.,Szkoła Główna Gospodarstwa Wiejskiego,3.0,Plant Science,Acta Societatis Botanicorum Poloniae,1975-01-01,9.0,,,,
